name,link
Bardi's Steak House,/bus/Ontario/Toronto/Bardi-s-Steak-House/156059.html?what=Restaurants&where=Toronto+ON&useContext=true
9 Mile Jamaican and International Cuisine,/bus/Ontario/Toronto/9-Mile-Jamaican-and-International-Cuisine/104343785.html?what=Restaurants&where=Toronto+ON&useContext=true
Queen's Pasta Cafe,/bus/Ontario/Toronto/Queen-s-Pasta-Cafe/1290354.html?what=Restaurants&where=Toronto+ON&useContext=true
Kalyvia Restaurant,/bus/Ontario/Toronto/Kalyvia-Restaurant/2348447.html?what=Restaurants&where=Toronto+ON&useContext=true
Mezza Notte Trattoria,/bus/Ontario/North-York/Mezza-Notte-Trattoria/1057443.html?what=Restaurants&where=Toronto+ON&useContext=true
Dim Sum King,/bus/r/Ontario/Toronto/Dim-Sum-King/7730741.html?what=Restaurants&where=Toronto+ON&useContext=true
Bardi's Steak House,/bus/Ontario/Toronto/Bardi-s-Steak-House/156059.html?what=Restaurants&where=Toronto+ON&useContext=true
Kingyo Izakaya,/bus/r/Ontario/Toronto/Kingyo-Izakaya/8094505.html?what=Restaurants&where=Toronto+ON&useContext=true
Taverna Mercatto,/bus/r/Ontario/Toronto/Taverna-Mercatto/100824265.html?what=Restaurants&where=Toronto+ON&useContext=true
Woods Restaurant,/bus/Ontario/Toronto/Woods-Restaurant/8208673.html?what=Restaurants&where=Toronto+ON&useContext=true
Halibut House,/bus/Ontario/Toronto/Halibut-House/101714084.html?what=Restaurants&where=Toronto+ON&useContext=true
By The Way,/bus/r/Ontario/Toronto/By-The-Way/257389.html?what=Restaurants&where=Toronto+ON&useContext=true
Via Norte Restaurant,/bus/r/Ontario/Toronto/Via-Norte-Restaurant/7149712.html?what=Restaurants&where=Toronto+ON&useContext=true
Rose And Sons,/bus/r/Ontario/Toronto/Rose-And-Sons/8095850.html?what=Restaurants&where=Toronto+ON&useContext=true
Carens Rosedale,/bus/r/Ontario/Toronto/Carens-Rosedale/100951614.html?what=Restaurants&where=Toronto+ON&useContext=true
Soos,/bus/r/Ontario/Toronto/Soos/100327754.html?what=Restaurants&where=Toronto+ON&useContext=true
Gusto 101,/bus/Ontario/Toronto/Gusto-101/7907474.html?what=Restaurants&where=Toronto+ON&useContext=true
Mr. Greek,/bus/Ontario/Toronto/Mr-Greek/101427491.html?what=Restaurants&where=Toronto+ON&useContext=true
BnB,/bus/Ontario/Toronto/BnB/100665222.html?what=Restaurants&where=Toronto+ON&useContext=true
Jabistro,/bus/Ontario/Toronto/Jabistro/8088965.html?what=Restaurants&where=Toronto+ON&useContext=true
Barrio Coreano,/bus/Ontario/Toronto/Barrio-Coreano/100393496.html?what=Restaurants&where=Toronto+ON&useContext=true
Arisu,/bus/Ontario/Toronto/Arisu/7932512.html?what=Restaurants&where=Toronto+ON&useContext=true
Budapest Restaurant,/bus/Ontario/Toronto/Budapest-Restaurant/100994534.html?what=Restaurants&where=Toronto+ON&useContext=true
The Kennedy Public House,/bus/Ontario/Toronto/The-Kennedy-Public-House/7766885.html?what=Restaurants&where=Toronto+ON&useContext=true
The Burger Cellar,/bus/Ontario/North-York/The-Burger-Cellar/6835043.html?what=Restaurants&where=Toronto+ON&useContext=true
Athens Restaurant,/bus/Ontario/Toronto/Athens-Restaurant/2101692.html?what=Restaurants&where=Toronto+ON&useContext=true
Sip Wine Bar,/bus/r/Ontario/Toronto/Sip-Wine-Bar/100188866.html?what=Restaurants&where=Toronto+ON&useContext=true
Butchers Of Distinction,/bus/Ontario/Toronto/Butchers-Of-Distinction/8209983.html?what=Restaurants&where=Toronto+ON&useContext=true
Brownes Bistro,/bus/Ontario/Toronto/Brownes-Bistro/6409099.html?what=Restaurants&where=Toronto+ON&useContext=true
Sake Izakaya,/bus/r/Ontario/Toronto/Sake-Izakaya/100190339.html?what=Restaurants&where=Toronto+ON&useContext=true
The Peasant Table,/bus/Ontario/Toronto/The-Peasant-Table/101182975.html?what=Restaurants&where=Toronto+ON&useContext=true
Farmhouse Tavern,/bus/Ontario/Toronto/Farmhouse-Tavern/100836986.html?what=Restaurants&where=Toronto+ON&useContext=true
Junction Local,/bus/Ontario/Toronto/Junction-Local/101227259.html?what=Restaurants&where=Toronto+ON&useContext=true
Oretta,/bus/Ontario/Toronto/Oretta/101466660.html?what=Restaurants&where=Toronto+ON&useContext=true
Cano Restaurant,/bus/Ontario/Toronto/Cano-Restaurant/101584225.html?what=Restaurants&where=Toronto+ON&useContext=true
